Account ID,Name,Password
FZLH2672,Morgan Johnson,oOVq&nQvh7o3
NHAD9393,Chris Anderson,*oRyVK93FPbO
LVGF8990,Emily Lee,4qTH*5CfjLMY
TKRR6271,Morgan Anderson,wBBEMF*x64Pp
RXWT2473,Sam Moore,Dt1uobETv9F&
IOPL3764,Jordan Moore,3PMv*DBom0Fn
SCRE4918,Jordan Lee,ZlJii4LEp*4E
FRQA5486,Chris Martinez,AW7jR*8GStJK
CQSK8862,Alex Johnson,RSzki4*u5OJz
OAJX8472,Jane Lee,qhd*uUsgee63
XEXV5098,Jane Brown,y*we68GxpPWm
ZEPO3504,Chris Davis,jQpBbD&2g3oE
QXMH1436,Emily Lee,fpKcWp3*n1vg
YRMX9241,Morgan Johnson,3NkKxw&8lDaM
PHZB4600,Taylor Taylor,7KmuwHq*N5tH
